density,elapsed time ms,nb closed,nb closure
0.0,1915,1308,181791
0.10721868365180467,1502,1308,149597
0.2218683651804671,1043,1307,112375
0.32696390658174096,759,1308,81818
0.47983014861995754,586,1302,64128
0.6093418259023354,481,1301,51964
0.6857749469214437,383,1307,42900
0.7940552016985138,328,1308,38752
0.8768577494692145,237,1301,25672
0.9426751592356688,169,1301,16866
0.9957537154989384,129,1301,13175
