density,elapsed time ms,nb closed,nb closure
0.0,2437,1186,216653
0.10577971646673937,1800,1186,174582
0.21374045801526717,1374,1186,143076
0.33042529989094876,1053,1186,116151
0.44929116684841874,889,1186,98625
0.5616139585605234,672,1186,78198
0.6750272628135223,505,1186,57314
0.7731733914940022,383,1186,44834
0.861504907306434,323,1186,38034
0.9400218102508179,280,1186,32866
1.0,217,1186,27230
