density,elapsed time ms,nb closed,nb closure
0.0,2540,1186,216653
0.10468920392584515,1805,1186,171544
0.21810250817884405,1511,1186,149333
0.33151581243184297,1118,1186,123434
0.4514721919302072,902,1186,101466
0.5485278080697928,712,1186,80772
0.6597600872410033,602,1186,69795
0.7568157033805889,416,1186,45355
0.8396946564885496,352,1186,41097
0.9334787350054525,273,1186,33729
1.0,212,1186,27230
